Date,Symbol,Series,Prev Close,Open,High,Low,Last,Close,VWAP,Volume,Turnover,Trades,Deliverable Volume,%Deliverble
2021-01-01,SBIN,EQ,274.95,274.9,280.0,274.4,279.05,279.4,278.33,24531791,682796825780000.0,141601,4783442,0.195
2021-01-04,SBIN,EQ,279.4,281.85,283.9,277.75,281.1,281.05,281.41,31450608,885046405845000.1,171760,6521226,0.2073
2021-01-05,SBIN,EQ,281.05,278.05,282.45,277.0,281.4,281.75,279.69,27393072,766157430375000.0,155149,4984903,0.182
2021-01-06,SBIN,EQ,281.75,283.0,289.15,281.4,283.9,285.05,285.76,40765708,1164907362810000.0,224327,6201351,0.1521
2021-01-07,SBIN,EQ,285.05,289.0,291.8,287.0,288.0,287.7,289.15,30546600,883250185510000.0,183684,8560453,0.2802
2021-01-08,SBIN,EQ,287.7,290.1,291.4,285.2,285.9,286.0,288.25,32543357,938050138885000.0,169736,7276745,0.2236
2021-01-11,SBIN,EQ,286.0,288.0,288.2,279.6,282.8,282.5,282.5,29703173,839102679705000.0,209864,8900394,0.29960000000000003
2021-01-12,SBIN,EQ,282.5,280.0,293.85,277.9,293.2,292.5,286.89,44307145,1271141918325000.0,275857,14782759,0.3336
2021-01-13,SBIN,EQ,292.5,296.0,308.0,294.5,305.95,306.8,301.17,78042133,2350397822325000.0,413038,15723571,0.20149999999999998
2021-01-14,SBIN,EQ,306.8,306.7,309.25,303.8,307.7,307.25,307.16,40123498,1232415007750000.0,244731,11711561,0.2919
2021-01-15,SBIN,EQ,307.25,306.8,310.9,301.3,303.95,303.85,306.2,35307601,1081133384195000.1,277615,7294222,0.2066
2021-01-18,SBIN,EQ,303.85,303.5,308.65,292.2,292.45,294.45,299.23,54969750,1644832641365000.0,332808,14155561,0.2575
2021-01-19,SBIN,EQ,294.45,297.65,302.5,296.4,298.4,298.6,299.11,35803901,1070924185254999.9,226098,10094694,0.28190000000000004
2021-01-20,SBIN,EQ,298.6,298.8,304.7,296.85,302.2,302.55,301.07,33759304,1016398189175000.0,215324,7439506,0.22039999999999998
2021-01-21,SBIN,EQ,302.55,304.0,305.15,291.5,296.8,294.85,300.2,29995203,900451307245000.1,214429,6169577,0.2057
2021-01-22,SBIN,EQ,294.85,295.5,298.0,282.4,284.4,283.7,289.3,44440810,1285667988075000.0,287829,12528656,0.28190000000000004
2021-01-25,SBIN,EQ,283.7,284.5,288.0,277.05,281.0,280.95,283.38,34034630,964482910075000.0,246225,6123604,0.17989999999999998
2021-01-27,SBIN,EQ,280.95,280.2,284.85,272.7,275.0,275.65,278.67,39211107,1092676934795000.1,275743,9156487,0.2335
2021-01-28,SBIN,EQ,275.65,271.9,283.35,269.5,282.9,282.35,277.04,48717297,1349667625260000.0,280797,11729218,0.2408
2021-01-29,SBIN,EQ,282.35,285.6,290.65,279.1,281.75,282.1,283.48,42300984,1199128259315000.0,257824,9905258,0.23420000000000002
2021-02-01,SBIN,EQ,282.1,285.1,313.9,282.75,313.0,310.7,300.59,103414068,3108566789260000.0,571788,29428379,0.2846
2021-02-02,SBIN,EQ,310.7,315.0,337.4,315.0,331.4,333.1,325.89,121434166,3957385592419999.5,696797,32088704,0.26420000000000005
2021-02-03,SBIN,EQ,333.1,333.75,339.9,325.8,335.75,335.95,334.1,66420168,2219088273705000.0,464739,13550924,0.204
2021-02-04,SBIN,EQ,335.95,334.4,358.0,331.1,357.95,355.1,343.11,145203439,4982132498270000.0,799597,26685044,0.1838
2021-02-05,SBIN,EQ,355.1,387.0,408.35,385.15,395.0,393.1,397.71,214955688,8549082574114999.0,1155236,40372151,0.18780000000000002
2021-02-08,SBIN,EQ,393.1,398.0,407.8,394.75,395.85,397.05,400.46,79389205,3179194001235000.0,577218,17607498,0.2218
2021-02-09,SBIN,EQ,397.05,396.75,403.5,389.0,393.6,394.8,396.65,63869990,2533422619080000.0,473516,11998829,0.18789999999999998
2021-02-10,SBIN,EQ,394.8,394.05,397.9,388.0,393.15,392.25,392.67,54163507,2126823641955000.0,395057,11147782,0.20579999999999998
2021-02-11,SBIN,EQ,392.25,391.8,396.95,388.25,390.9,390.15,391.61,36392708,1425158115975000.0,263431,5317852,0.1461
2021-02-12,SBIN,EQ,390.15,391.0,399.35,385.55,392.95,393.15,392.34,53589755,2102515173534999.8,406441,7559236,0.1411
2021-02-15,SBIN,EQ,393.15,397.5,409.45,395.7,409.0,406.95,403.08,56608937,2281786664770000.0,439746,14664959,0.2591
2021-02-16,SBIN,EQ,406.95,412.0,415.75,400.3,402.9,402.35,407.39,80365431,3273985684250000.0,574557,17910995,0.2229
2021-02-17,SBIN,EQ,402.35,403.0,414.85,400.15,413.4,411.75,410.54,74161370,3044612968840000.0,499222,13131429,0.1771
2021-02-18,SBIN,EQ,411.75,425.05,427.7,413.7,415.25,415.2,419.02,67154539,2813882041800000.0,583049,15846238,0.23600000000000002
2021-02-19,SBIN,EQ,415.2,415.0,415.0,395.0,400.6,399.55,405.06,66155518,2679708279565000.0,479710,15537879,0.2349
2021-02-22,SBIN,EQ,399.55,400.6,401.0,385.65,387.95,389.5,392.32,52535049,2061033869455000.0,443311,12001053,0.2284
2021-02-23,SBIN,EQ,389.5,392.0,399.7,389.0,395.6,395.6,395.45,45462768,1797820266740000.2,342766,10717389,0.23570000000000002
2021-02-24,SBIN,EQ,395.6,397.0,410.5,395.2,407.7,406.25,404.08,39632090,1601468839965000.0,340087,10700242,0.27
2021-02-25,SBIN,EQ,406.25,411.0,414.9,406.55,407.4,407.25,410.68,46988836,1929728993090000.2,355281,10886628,0.23170000000000002
2021-02-26,SBIN,EQ,407.25,399.5,401.0,387.0,391.25,390.15,393.88,64450414,2538586209455000.0,536209,21480283,0.3333
2021-03-01,SBIN,EQ,390.15,395.1,397.7,391.0,395.2,394.95,394.72,29677890,1171447657725000.0,245987,5855389,0.1973
2021-03-02,SBIN,EQ,394.95,395.0,399.55,390.55,394.8,394.2,394.42,30534337,1204334869415000.0,249193,7102687,0.23260000000000003
2021-03-03,SBIN,EQ,394.2,396.5,408.9,396.0,404.7,405.05,404.09,46268223,1869648662609999.8,326940,13944550,0.3014
2021-03-04,SBIN,EQ,405.05,398.7,403.5,394.45,396.8,395.65,399.48,43603653,1741897426605000.0,285942,17521078,0.4018
2021-03-05,SBIN,EQ,395.65,395.0,395.0,378.1,385.35,383.65,384.66,72179228,2776431424765000.0,599426,22896856,0.3172
2021-03-08,SBIN,EQ,383.65,388.45,393.4,386.05,390.1,389.6,389.52,39147858,1524897763360000.0,297783,11421277,0.2917
2021-03-09,SBIN,EQ,389.6,393.45,394.9,382.25,387.9,387.6,389.13,28054083,1091677512545000.1,220873,4544944,0.162
2021-03-10,SBIN,EQ,387.6,391.1,393.0,385.7,388.2,387.7,388.21,22677399,880349725215000.0,187380,6294280,0.2776
2021-03-12,SBIN,EQ,387.7,391.7,393.2,377.5,381.1,381.1,385.33,35336355,1361622181200000.0,296998,10146190,0.2871
2021-03-15,SBIN,EQ,381.1,382.5,386.0,369.35,385.6,383.9,375.54,42722976,1604432800740000.0,414882,9545797,0.22340000000000002
2021-03-16,SBIN,EQ,383.9,385.6,387.85,376.1,378.9,378.55,380.21,38196452,1452268145630000.0,300656,8488656,0.22219999999999998
2021-03-17,SBIN,EQ,378.55,378.2,379.65,366.05,366.9,368.15,373.37,33143064,1237476012665000.0,298083,8835143,0.2666
2021-03-18,SBIN,EQ,368.15,371.5,375.0,361.1,368.2,367.1,368.98,39405038,1453953983305000.0,285769,10367862,0.2631
2021-03-19,SBIN,EQ,367.1,363.95,372.9,357.25,372.4,371.15,366.26,60309145,2208863777759999.8,400389,18704924,0.3102
2021-03-22,SBIN,EQ,371.15,372.0,372.8,363.5,367.6,367.0,367.73,28461974,1046619318685000.0,242100,6057167,0.21280000000000002
2021-03-23,SBIN,EQ,367.0,368.7,377.95,367.05,372.3,372.7,372.08,41032380,1526720477070000.0,304725,9512982,0.2318
2021-03-24,SBIN,EQ,372.7,368.5,369.05,358.65,360.1,359.85,363.63,42318999,1538857465155000.0,385721,12800434,0.3025
2021-03-25,SBIN,EQ,359.85,360.0,360.85,345.2,356.3,355.2,353.03,57495003,2029720034620000.0,438853,15832997,0.2754
2021-03-26,SBIN,EQ,355.2,360.0,362.0,354.55,358.5,357.2,358.14,40718848,1458320089230000.0,407233,9493663,0.23320000000000002
2021-03-30,SBIN,EQ,357.2,360.1,364.3,356.3,360.5,360.8,360.57,39407496,1420923559960000.0,340842,11452061,0.29059999999999997
2021-03-31,SBIN,EQ,360.8,360.3,367.85,357.95,364.5,364.3,363.98,38651025,1406827530330000.0,298129,7195064,0.1862
2021-04-01,SBIN,EQ,364.3,367.7,371.9,363.1,370.95,370.65,367.07,31883453,1170360334210000.0,201211,6113330,0.1917
2021-04-05,SBIN,EQ,370.65,367.5,369.2,349.05,354.0,353.55,355.21,51743981,1837979714109999.8,382160,12654477,0.2446
2021-04-06,SBIN,EQ,353.55,355.7,357.0,349.3,350.95,350.55,353.1,44147709,1558849905185000.0,273760,10561018,0.23920000000000002
2021-04-07,SBIN,EQ,350.55,351.25,363.2,347.6,358.2,358.55,358.22,48023602,1720316003890000.2,323113,7394333,0.154
2021-04-08,SBIN,EQ,358.55,361.0,363.3,354.3,355.95,355.6,358.65,33370259,1196811009125000.0,221845,6728742,0.2016
2021-04-09,SBIN,EQ,355.6,354.4,364.5,351.2,352.95,353.0,357.3,46473100,1660469668220000.0,303846,9543337,0.2054
2021-04-12,SBIN,EQ,353.0,344.0,344.0,322.55,330.7,328.85,329.89,75501713,2490731913755000.0,579319,20168862,0.2671
2021-04-13,SBIN,EQ,328.85,332.0,342.25,330.5,341.25,341.0,336.4,49773360,1674386580260000.0,319183,10870967,0.2184
2021-04-15,SBIN,EQ,341.0,342.1,347.55,336.1,342.55,342.7,341.7,52992349,1810743466330000.0,325566,10616930,0.2003
2021-04-16,SBIN,EQ,342.7,343.0,345.5,338.65,339.55,339.9,342.01,37766793,1291656052530000.0,237384,8246382,0.2184
2021-04-19,SBIN,EQ,339.9,327.15,332.05,321.3,330.45,331.15,326.36,53304377,1739634560600000.0,396759,11353181,0.21300000000000002
2021-04-20,SBIN,EQ,331.15,335.1,339.9,326.7,329.4,329.5,333.65,41296147,1377845456040000.0,248595,6958070,0.1685
2021-04-22,SBIN,EQ,329.5,326.0,337.65,323.3,336.25,336.65,332.72,49105833,1633831131950000.0,279445,9812058,0.1998
2021-04-23,SBIN,EQ,336.65,331.65,339.9,331.65,335.4,336.45,336.47,44223940,1487988572010000.0,272666,6584986,0.1489
2021-04-26,SBIN,EQ,336.45,339.25,347.45,339.25,344.8,344.3,345.26,49234985,1699873556300000.0,306217,11962001,0.24300000000000002
2021-04-27,SBIN,EQ,344.3,344.0,354.95,342.4,354.2,353.05,349.42,46003023,1607459003380000.0,293357,9882201,0.21480000000000002
2021-04-28,SBIN,EQ,353.05,357.0,364.3,356.05,362.9,363.4,361.63,56696255,2050313046170000.0,337002,13430042,0.23690000000000003
2021-04-29,SBIN,EQ,363.4,365.0,369.95,355.5,357.45,359.4,361.26,63692926,2300945709475000.0,348461,10008961,0.15710000000000002
2021-04-30,SBIN,EQ,359.4,353.45,362.5,350.45,352.3,353.5,357.11,53832840,1922407931330000.0,296959,13261927,0.2464
2021-05-03,SBIN,EQ,353.5,349.6,352.5,341.4,351.45,350.6,347.45,43691860,1518055216080000.0,313847,5977717,0.1368
2021-05-04,SBIN,EQ,350.6,355.0,362.9,350.2,351.1,351.5,357.53,57749307,2064701983800000.0,342742,7751821,0.1342
2021-05-05,SBIN,EQ,351.5,356.5,357.45,348.0,356.45,355.4,354.45,40872501,1448735021650000.0,244000,3677289,0.09
2021-05-06,SBIN,EQ,355.4,358.0,359.35,350.55,355.85,355.55,354.51,36294427,1286672659710000.0,217872,5372879,0.14800000000000002
2021-05-07,SBIN,EQ,355.55,357.5,362.0,353.0,358.0,358.25,357.21,38357618,1370181242715000.0,224225,7401375,0.193
2021-05-10,SBIN,EQ,358.25,360.5,367.0,358.8,362.3,361.7,362.87,41739324,1514608423705000.0,260322,10373731,0.24850000000000003
2021-05-11,SBIN,EQ,361.7,356.85,366.4,354.75,364.1,364.65,362.8,41892770,1519857007645000.0,229841,9050630,0.21600000000000003
2021-05-12,SBIN,EQ,364.65,362.8,373.5,361.9,367.75,367.7,368.18,53436590,1967452156530000.0,320184,10486191,0.1962
2021-05-14,SBIN,EQ,367.7,370.0,372.5,359.55,360.6,360.45,365.59,51722170,1890933152130000.0,358985,11019052,0.21300000000000002
2021-05-17,SBIN,EQ,360.45,364.4,385.2,363.65,384.45,383.1,376.9,106555796,4016118812065000.0,654529,26972040,0.2531
2021-05-18,SBIN,EQ,383.1,390.0,392.55,380.05,382.95,382.25,385.07,70917710,2730823630195000.0,483711,14714918,0.20750000000000002
2021-05-19,SBIN,EQ,382.25,382.0,389.5,381.2,384.4,384.4,385.63,48189573,1858346447015000.2,346200,13556510,0.2813
2021-05-20,SBIN,EQ,384.4,387.0,387.8,382.0,386.8,384.55,384.42,42898608,1649129079400000.0,331759,12671274,0.2954
2021-05-21,SBIN,EQ,384.55,390.0,404.4,378.0,404.0,401.2,393.52,192810772,7587478646839999.0,1121959,33084922,0.1716
2021-05-24,SBIN,EQ,401.2,417.0,419.2,405.3,411.0,412.05,411.75,142964052,5886555360170000.0,846514,41331140,0.2891
2021-05-25,SBIN,EQ,412.05,415.1,415.5,408.5,414.1,412.35,411.05,56048127,2303837226875000.0,348160,14690982,0.2621
2021-05-26,SBIN,EQ,412.35,413.8,418.75,410.8,412.0,413.55,415.44,52357719,2175128175670000.0,339506,10006905,0.1911
2021-05-27,SBIN,EQ,413.55,413.7,429.1,412.0,426.8,425.2,419.8,73392997,3081069944545000.0,442431,20494556,0.2792
2021-05-28,SBIN,EQ,425.2,430.5,433.65,420.05,422.0,422.05,426.46,65137568,2777868436560000.0,423239,14625129,0.2245
2021-05-31,SBIN,EQ,422.05,421.0,426.0,418.0,424.5,424.35,422.9,38291043,1619345774100000.0,275082,6360521,0.1661
2021-06-01,SBIN,EQ,424.35,426.05,435.35,425.6,432.55,432.55,430.82,59299647,2554720010915000.0,442654,13242056,0.2233
2021-06-02,SBIN,EQ,432.55,430.8,437.95,429.15,437.2,437.25,434.97,38657806,1681491236200000.0,307884,10906691,0.2821
2021-06-03,SBIN,EQ,437.25,437.0,441.95,433.5,439.05,439.65,437.3,38909199,1701505240535000.0,281959,12855035,0.33039999999999997
2021-06-04,SBIN,EQ,439.65,437.5,441.9,431.75,434.3,433.6,436.25,36898769,1609708411825000.0,331404,9568540,0.2593
2021-06-07,SBIN,EQ,433.6,435.1,437.4,430.8,431.3,432.25,434.78,20201197,878303545100000.0,174837,6487715,0.3212
2021-06-08,SBIN,EQ,432.25,432.25,432.5,424.0,427.4,427.2,427.47,31113823,1330030038520000.0,247824,9816376,0.3155
2021-06-09,SBIN,EQ,427.2,427.5,432.3,418.2,421.95,421.45,426.58,27784834,1185249046530000.0,241080,6008214,0.2162
2021-06-10,SBIN,EQ,421.45,424.9,433.3,422.4,432.4,432.25,428.67,27397712,1174470824810000.0,211924,7523211,0.2746
2021-06-11,SBIN,EQ,432.25,434.85,435.5,425.25,429.4,429.6,430.04,26831924,1153869802875000.0,211915,6400469,0.23850000000000002
2021-06-14,SBIN,EQ,429.6,427.0,432.45,416.7,430.0,430.35,424.94,30106015,1279312295895000.0,279081,8165857,0.2712
2021-06-15,SBIN,EQ,430.35,429.2,432.8,428.0,429.2,429.5,430.4,16413658,706448778430000.0,162940,3299558,0.201
2021-06-16,SBIN,EQ,429.5,428.0,432.75,425.0,425.6,425.95,428.25,19701175,843697196900000.0,167477,4064252,0.20629999999999998
2021-06-17,SBIN,EQ,425.95,421.0,425.95,416.6,419.7,420.25,421.98,23048331,972601001975000.0,218316,6472192,0.2808
2021-06-18,SBIN,EQ,420.25,423.9,423.9,402.65,414.5,412.9,410.77,45748727,1879243109090000.2,482106,12706247,0.2777
2021-06-21,SBIN,EQ,412.9,406.35,421.0,400.5,419.1,419.75,411.51,33128978,1363297391695000.0,300583,6731788,0.20320000000000002
2021-06-22,SBIN,EQ,419.75,423.0,425.45,417.3,418.25,418.65,422.18,28442965,1200812274365000.0,238271,9392524,0.33020000000000005
2021-06-23,SBIN,EQ,418.65,421.1,424.75,415.0,418.8,418.85,420.54,27564829,1159203405825000.0,219929,4961124,0.18
2021-06-24,SBIN,EQ,418.85,420.35,422.75,416.3,418.25,417.2,419.42,19214547,805895689125000.0,171615,4841128,0.252
2021-06-25,SBIN,EQ,417.2,421.0,431.0,419.05,428.65,428.8,426.03,29886797,1273264920610000.0,237815,8914078,0.2983
2021-06-28,SBIN,EQ,428.8,430.7,433.15,424.55,426.45,426.75,427.91,29370660,1256813200765000.0,226087,9818539,0.3343
2021-06-29,SBIN,EQ,426.75,427.5,428.95,420.55,421.4,421.5,423.98,22275961,944451127410000.0,199410,8437375,0.3788
2021-06-30,SBIN,EQ,421.5,423.0,424.9,418.3,419.0,419.2,422.01,18337773,773863281895000.0,166062,4722649,0.2575
2021-07-01,SBIN,EQ,419.2,420.3,423.7,417.15,421.2,420.4,420.97,16161469,680354637085000.0,146987,3289674,0.2036
2021-07-02,SBIN,EQ,420.4,420.3,425.4,419.0,424.8,424.4,422.72,16423811,694267615560000.0,150826,4269757,0.26
2021-07-05,SBIN,EQ,424.4,426.5,434.5,424.25,433.7,432.65,428.55,16483761,706412712660000.0,153743,5660728,0.34340000000000004
2021-07-06,SBIN,EQ,432.65,431.7,436.5,428.2,429.3,429.75,433.45,20195278,875355766720000.1,209939,5413566,0.2681
2021-07-07,SBIN,EQ,429.75,429.35,434.0,427.55,433.0,432.85,431.0,14473774,623813569760000.0,130765,3715611,0.25670000000000004
2021-07-08,SBIN,EQ,432.85,432.8,435.4,422.1,424.5,424.45,429.03,21433043,919549400304999.9,215558,5669467,0.2645
2021-07-09,SBIN,EQ,424.45,425.0,427.5,421.05,423.8,423.75,423.87,16844494,713988027385000.0,158445,4397446,0.2611
2021-07-12,SBIN,EQ,423.75,426.5,430.25,424.6,427.6,427.45,427.88,12886781,551398212260000.06,130234,3100116,0.24059999999999998
2021-07-13,SBIN,EQ,427.45,430.0,431.8,428.3,428.85,429.1,429.95,12831125,551671077120000.0,116776,4276395,0.3333
2021-07-14,SBIN,EQ,429.1,429.0,432.3,426.4,431.2,431.05,429.74,12767351,548670260000000.0,157944,4429592,0.3469
2021-07-15,SBIN,EQ,431.05,432.7,432.95,429.65,431.65,431.7,431.53,11030732,476010662420000.0,126999,3378724,0.3063
2021-07-16,SBIN,EQ,431.7,432.0,432.5,427.45,430.6,430.0,429.67,8713863,374406893680000.0,86998,2161111,0.24800000000000003
2021-07-19,SBIN,EQ,430.0,423.4,429.45,418.85,428.5,427.9,426.05,14426686,614655978455000.0,142972,4300410,0.2981
2021-07-20,SBIN,EQ,427.9,427.0,427.0,418.9,421.0,420.9,422.47,14623321,617788638765000.0,175334,4341360,0.2969
2021-07-22,SBIN,EQ,420.9,425.55,426.7,420.9,422.25,422.05,424.24,11799761,500598705625000.0,145497,3403902,0.28850000000000003
2021-07-23,SBIN,EQ,422.05,422.9,429.95,419.5,428.5,428.9,424.32,17704661,751247124840000.0,158647,4726281,0.267
2021-07-26,SBIN,EQ,428.9,427.8,427.8,422.3,422.85,423.3,424.32,14037519,595637424520000.0,153835,4170799,0.29710000000000003
2021-07-27,SBIN,EQ,423.3,424.15,433.25,424.0,429.2,429.95,430.0,24119619,1037148512440000.0,199224,8645999,0.35850000000000004
2021-07-28,SBIN,EQ,429.95,430.0,430.5,421.05,424.8,425.5,424.98,17636515,749513231075000.0,188398,5520335,0.313
2021-07-29,SBIN,EQ,425.5,426.0,443.6,425.5,443.1,441.55,435.48,35263606,1535664465820000.0,332592,13842353,0.3925
2021-07-30,SBIN,EQ,441.55,441.5,444.4,430.7,432.2,431.8,434.61,35196813,1529675775115000.0,285719,13700020,0.38920000000000005
2021-08-02,SBIN,EQ,431.8,434.75,436.7,431.8,434.35,434.9,434.63,16926025,735652253100000.0,175314,5795542,0.34240000000000004
2021-08-03,SBIN,EQ,434.9,434.95,447.9,433.6,446.0,446.5,441.77,40922962,1807855207550000.0,334983,16682268,0.40770000000000006
2021-08-04,SBIN,EQ,446.5,448.65,467.45,441.5,456.15,456.95,455.02,129761158,5904418453220000.0,897920,22874943,0.17629999999999998
2021-08-05,SBIN,EQ,456.95,461.0,462.5,438.4,441.95,441.85,447.34,58595639,2621226020640000.0,468281,16063331,0.2741
2021-08-06,SBIN,EQ,441.85,443.7,447.0,434.0,437.2,435.65,439.14,38236066,1679099558510000.0,310897,14611478,0.3821
2021-08-09,SBIN,EQ,435.65,437.9,441.8,431.0,433.9,433.4,436.36,22196404,968560214375000.0,205816,5439734,0.2451
2021-08-10,SBIN,EQ,433.4,434.4,436.4,421.7,426.25,426.45,428.74,27794251,1191651235560000.0,281618,9911985,0.3566
2021-08-11,SBIN,EQ,426.45,429.8,432.9,423.15,428.3,428.05,427.76,23827946,1019256747645000.1,224842,7236657,0.3037
2021-08-12,SBIN,EQ,428.05,430.0,430.45,425.0,427.6,427.15,427.18,16847144,719670078655000.0,172042,5848952,0.3472
2021-08-13,SBIN,EQ,427.15,427.6,432.25,425.0,430.75,431.2,428.35,20908992,895634821945000.1,212003,7550182,0.3611
2021-08-16,SBIN,EQ,431.2,430.0,434.0,424.0,424.2,424.85,427.58,17608693,752919270390000.0,191627,7042291,0.39990000000000003
2021-08-17,SBIN,EQ,424.85,424.85,425.85,415.25,420.95,421.5,420.55,22957877,965500839545000.1,258740,7034869,0.3064
2021-08-18,SBIN,EQ,421.5,422.15,424.35,418.0,418.9,419.7,421.3,17668574,744371791420000.0,265793,5045996,0.2856
2021-08-20,SBIN,EQ,419.7,415.0,417.35,405.15,406.0,406.7,411.06,25541790,1049926240729999.9,286336,9038684,0.3539
2021-08-23,SBIN,EQ,406.7,411.1,413.0,401.25,408.6,409.5,408.45,26559937,1084838426185000.0,229422,9962420,0.3751
2021-08-24,SBIN,EQ,409.5,409.5,418.75,408.2,417.05,417.6,415.09,19012313,789190652420000.0,233092,4487809,0.23600000000000002
2021-08-25,SBIN,EQ,417.6,419.0,421.3,414.3,416.15,416.25,417.37,16410980,684951130715000.0,170349,5024876,0.3062
2021-08-26,SBIN,EQ,416.25,414.5,415.8,410.0,410.35,410.75,412.61,15897679,655947349375000.0,153279,5637807,0.3546
2021-08-27,SBIN,EQ,410.75,410.35,414.35,407.5,411.5,412.45,411.43,15090541,620869659975000.0,162131,3886924,0.2576
2021-08-30,SBIN,EQ,412.45,414.4,423.3,413.5,422.9,422.7,419.59,20308691,852131262815000.0,161311,8549126,0.42100000000000004
2021-08-31,SBIN,EQ,422.7,423.85,427.0,418.7,425.6,426.05,423.86,26262421,1113171273700000.0,189725,11285270,0.42969999999999997
2021-09-01,SBIN,EQ,426.05,427.5,432.55,425.15,428.65,429.9,429.49,18776721,806441230675000.0,196144,5551117,0.2956
2021-09-02,SBIN,EQ,429.9,431.4,433.5,427.75,429.6,429.75,430.31,14372717,618475512285000.0,182837,3993454,0.2778
2021-09-03,SBIN,EQ,429.75,431.25,434.3,428.2,430.65,431.4,431.22,14233624,613780934835000.0,157635,4103799,0.2883
2021-09-06,SBIN,EQ,431.4,432.0,433.85,430.05,431.0,431.05,431.6,10694099,461561862614999.94,131557,4127180,0.3859
2021-09-07,SBIN,EQ,431.05,431.05,431.7,425.1,428.0,429.1,428.45,14928735,639623660845000.0,144265,5571033,0.37320000000000003
2021-09-08,SBIN,EQ,429.1,429.0,435.4,427.35,431.7,431.35,432.35,22817464,986512825954999.9,306026,9975593,0.4372
2021-09-09,SBIN,EQ,431.35,430.25,433.8,430.0,432.2,432.3,431.98,9662128,417380771290000.0,107886,3575944,0.3701
2021-09-13,SBIN,EQ,432.3,430.1,433.8,428.8,432.95,432.85,431.52,9567921,412878565645000.0,124293,3430248,0.35850000000000004
2021-09-14,SBIN,EQ,432.85,435.0,436.75,432.25,432.95,433.0,434.37,9981562,433566838845000.0,119218,4167481,0.4175
2021-09-15,SBIN,EQ,433.0,433.0,445.0,431.45,444.2,443.85,439.44,22181568,974755017800000.0,227051,8683362,0.3915
2021-09-16,SBIN,EQ,443.85,444.85,466.1,442.75,465.0,463.7,455.79,42637448,1943351148240000.2,389525,14981767,0.3514
2021-09-17,SBIN,EQ,463.7,468.0,471.9,450.35,453.25,454.1,459.32,41529478,1907545711255000.0,365811,14905679,0.3589
2021-09-20,SBIN,EQ,454.1,449.4,453.5,435.65,436.9,437.45,444.85,18376916,817490914345000.0,224634,5361436,0.2917
2021-09-21,SBIN,EQ,437.45,440.15,441.35,432.65,439.55,438.8,436.88,17279588,754907750620000.0,187042,5134035,0.29710000000000003
2021-09-22,SBIN,EQ,438.8,438.9,442.8,436.1,439.9,438.85,439.41,14321143,629286843520000.0,163766,5430263,0.37920000000000004
2021-09-23,SBIN,EQ,438.85,442.4,451.15,442.05,450.0,449.8,448.38,20516770,919921629270000.1,205927,8211883,0.40030000000000004
2021-09-24,SBIN,EQ,449.8,451.1,451.9,440.0,440.65,440.75,443.93,10731274,476397370900000.0,131592,2970394,0.2768
2021-09-27,SBIN,EQ,440.75,444.9,450.55,442.25,446.0,446.6,447.06,11746892,525157139070000.0,153034,3999470,0.34049999999999997
2021-09-28,SBIN,EQ,446.6,449.2,455.8,439.6,444.65,444.9,448.31,19241170,862603831815000.0,199169,5139742,0.2671
2021-09-29,SBIN,EQ,444.9,441.85,462.3,439.1,459.7,460.0,455.43,38635938,1759578181120000.0,276232,17529709,0.4537
2021-09-30,SBIN,EQ,460.0,459.95,464.9,451.4,453.0,453.0,456.78,26530369,1211842723450000.0,263399,9267354,0.3493
2021-10-01,SBIN,EQ,453.0,448.5,455.55,443.8,452.0,451.65,451.04,14777309,666510655620000.0,155872,4497093,0.3043
2021-10-04,SBIN,EQ,451.65,453.8,464.4,451.6,462.5,463.15,459.53,16246765,746581974915000.0,165717,6123342,0.3769
2021-10-05,SBIN,EQ,463.15,462.0,469.0,458.7,463.7,464.7,462.56,16487568,762653566860000.0,173621,6198603,0.376
2021-10-06,SBIN,EQ,464.7,465.0,471.0,453.65,456.85,457.2,462.34,19056690,881060927820000.1,212608,5674001,0.2977
2021-10-07,SBIN,EQ,457.2,462.1,464.0,457.1,458.8,457.9,460.4,9984651,459694503464999.94,125318,2461134,0.2465
2021-10-08,SBIN,EQ,457.9,461.9,464.0,454.25,460.05,458.0,458.23,16521128,757050602480000.0,203056,5292617,0.3204
2021-10-11,SBIN,EQ,458.0,460.0,474.95,458.65,470.0,469.25,467.63,20686981,967394145860000.0,216624,5870213,0.2838
2021-10-12,SBIN,EQ,469.25,470.0,484.4,468.1,483.0,483.0,477.21,33763609,1611247378315000.0,358816,10524930,0.31170000000000003
2021-10-13,SBIN,EQ,483.0,486.15,486.15,478.0,480.3,481.7,482.03,17638983,850256906460000.0,193982,6171965,0.34990000000000004
2021-10-14,SBIN,EQ,481.7,482.0,493.9,482.0,489.0,490.6,489.36,23431826,1146670042040000.0,285093,9203608,0.39280000000000004
2021-10-18,SBIN,EQ,490.6,494.0,501.0,491.7,496.95,497.95,496.52,20084248,997224813100000.0,242361,6957051,0.3464
2021-10-19,SBIN,EQ,497.95,500.35,504.2,483.25,488.7,488.2,496.47,20645100,1024960394075000.0,222035,6902634,0.3343
2021-10-20,SBIN,EQ,488.2,488.8,507.5,483.1,501.2,499.9,499.79,34080545,1703327363745000.0,330756,9918562,0.29100000000000004
2021-10-21,SBIN,EQ,499.9,504.9,506.5,491.75,504.45,502.95,500.34,20808243,1041125799150000.0,237992,5557708,0.2671
2021-10-22,SBIN,EQ,502.95,504.6,508.7,500.0,502.5,502.95,504.16,24080485,1214035694925000.0,226890,9118838,0.3787
2021-10-25,SBIN,EQ,502.95,506.5,515.45,497.85,507.1,506.5,508.7,35619415,1811942593015000.2,383621,14744285,0.4139
2021-10-26,SBIN,EQ,506.5,507.6,518.2,507.6,512.75,512.55,513.42,21107457,1083707901110000.0,233424,6845791,0.3243
2021-10-27,SBIN,EQ,512.55,513.7,526.85,512.75,518.0,519.15,521.13,29463032,1535399056730000.0,301253,10494169,0.35619999999999996
2021-10-28,SBIN,EQ,519.15,519.6,520.55,497.6,503.7,501.35,508.7,28140401,1431495750035000.0,260970,11285902,0.4011
2021-10-29,SBIN,EQ,501.35,501.5,512.65,488.4,504.0,502.15,502.7,31355893,1576255597195000.0,374125,10689375,0.34090000000000004
2021-11-01,SBIN,EQ,502.15,508.5,516.95,501.0,515.3,515.7,509.46,20679604,1053544017985000.0,232409,7903086,0.3822
2021-11-02,SBIN,EQ,515.7,514.8,525.0,512.05,522.0,521.7,519.23,26797820,1391428575445000.0,292700,8002712,0.2986
2021-11-03,SBIN,EQ,521.7,524.0,542.3,515.2,530.9,527.65,529.74,80775924,4278990638630000.5,664904,11296532,0.1399
2021-11-04,SBIN,EQ,527.65,531.5,535.9,528.05,530.8,530.45,532.2,9796046,521346058980000.0,154034,3458640,0.3531
2021-11-08,SBIN,EQ,530.45,534.45,534.45,516.45,523.6,523.25,524.29,36802110,1929492306355000.0,434185,13809608,0.37520000000000003
2021-11-09,SBIN,EQ,523.25,526.25,532.0,522.2,529.0,529.15,528.31,25451967,1344660328585000.0,263483,10868864,0.42700000000000005
2021-11-10,SBIN,EQ,529.15,525.55,528.5,521.5,523.7,524.4,524.92,15805538,829666043905000.0,233636,6661421,0.4215
2021-11-11,SBIN,EQ,524.4,522.85,522.85,507.1,509.9,509.6,513.93,23086898,1186494788635000.0,404691,8852924,0.3835
2021-11-12,SBIN,EQ,509.6,512.0,513.0,502.7,510.95,511.35,509.0,19836221,1009668524065000.0,259734,8187869,0.4128
2021-11-15,SBIN,EQ,511.35,512.4,515.9,505.5,507.4,506.55,509.14,13328183,678590098010000.0,186098,4698458,0.3525
2021-11-16,SBIN,EQ,506.55,507.4,507.4,493.5,494.25,495.1,499.96,19553216,977587978700000.0,292914,7277609,0.3722
2021-11-17,SBIN,EQ,495.1,493.85,505.4,491.0,497.6,498.15,500.32,20488483,1025083719129999.9,275972,6509080,0.3177
2021-11-18,SBIN,EQ,498.15,499.1,506.2,492.3,503.35,503.8,500.73,22471070,1125191223640000.0,276780,5423193,0.2413
2021-11-22,SBIN,EQ,503.8,506.0,506.0,477.5,487.0,486.4,489.05,28800269,1408476658735000.0,383770,10288095,0.3572
2021-11-23,SBIN,EQ,486.4,485.25,495.4,480.0,492.8,493.05,490.18,20000371,980375852229999.9,232054,5953569,0.2977
2021-11-24,SBIN,EQ,493.05,495.8,500.0,489.05,490.0,493.15,496.27,13963769,692979118060000.0,194560,4485951,0.32130000000000003
2021-11-25,SBIN,EQ,493.15,490.0,495.45,486.3,492.0,490.55,491.77,12894211,634092615595000.0,160207,3660492,0.2839
2021-11-26,SBIN,EQ,490.55,486.25,487.9,467.1,470.0,470.5,475.02,26305817,1249565902125000.0,379366,11254640,0.4278
2021-11-29,SBIN,EQ,470.5,470.0,477.75,454.3,466.2,465.1,467.79,22407465,1048194219590000.0,310952,5587894,0.2494
2021-11-30,SBIN,EQ,465.1,468.0,477.25,458.0,459.1,460.55,467.26,23026652,1075951205110000.0,283930,7607689,0.33039999999999997
2021-12-01,SBIN,EQ,460.55,464.45,477.25,464.0,475.9,475.3,470.57,17156956,807347443145000.0,192988,4405161,0.25680000000000003
2021-12-02,SBIN,EQ,475.3,474.5,478.15,470.95,477.6,477.0,474.72,12962679,615358348270000.0,189218,3824707,0.29510000000000003
2021-12-03,SBIN,EQ,477.0,475.75,481.5,470.05,471.95,473.15,475.9,16653993,792562841265000.0,198060,5089665,0.3056
2021-12-06,SBIN,EQ,473.15,473.15,477.0,463.8,464.95,465.3,470.81,14353300,675764221995000.0,187905,5142334,0.3583
2021-12-07,SBIN,EQ,465.3,469.2,479.7,469.2,476.85,476.7,475.06,13644942,648218941135000.0,179255,3479596,0.255
2021-12-08,SBIN,EQ,476.7,480.9,492.4,480.25,490.6,491.55,487.45,20397660,994286518629999.9,237922,7479972,0.3667
2021-12-09,SBIN,EQ,491.55,492.3,493.5,486.1,487.8,488.65,489.02,12560970,614256035610000.0,159836,3304118,0.263
2021-12-10,SBIN,EQ,488.65,488.5,495.95,484.4,494.8,494.7,489.64,13261408,649337528300000.0,148459,4228388,0.3188
2021-12-13,SBIN,EQ,494.7,497.75,500.45,486.35,488.5,487.8,493.46,14047645,693194761000000.0,207621,5508506,0.3921
2021-12-14,SBIN,EQ,487.8,486.0,490.35,481.8,488.25,488.55,486.65,11642447,566585032765000.0,152297,3010173,0.2586
2021-12-15,SBIN,EQ,488.55,490.0,491.0,483.5,484.35,484.8,487.35,8639835,421062813115000.0,127451,2759744,0.3194
2021-12-16,SBIN,EQ,484.8,488.35,490.55,478.25,482.0,481.15,482.82,11107781,536303050289999.94,138481,3605289,0.3246
2021-12-17,SBIN,EQ,481.15,480.05,481.4,466.5,468.3,467.8,471.1,12648603,595879455965000.0,182619,4161837,0.329
2021-12-20,SBIN,EQ,467.8,459.0,464.0,443.0,450.9,449.2,449.66,22336114,1004365328720000.1,401072,9198460,0.4118
2021-12-21,SBIN,EQ,449.2,457.05,458.25,444.5,447.3,446.0,452.06,16617447,751208995900000.0,276029,6591707,0.39670000000000005
2021-12-22,SBIN,EQ,446.0,450.0,457.3,449.0,456.15,455.85,453.67,13102553,594425512025000.0,170711,4026674,0.3073
2021-12-23,SBIN,EQ,455.85,461.0,465.0,457.75,460.7,461.8,461.46,14471377,667800489425000.0,196406,5413589,0.3741
2021-12-24,SBIN,EQ,461.8,462.6,463.6,452.2,457.25,456.95,456.35,13221159,603344423800000.0,139530,3808688,0.28809999999999997
2021-12-27,SBIN,EQ,456.95,453.7,460.5,450.55,459.4,458.05,456.62,8856482,404402309290000.0,133445,1179518,0.1332
2021-12-28,SBIN,EQ,458.05,461.2,462.9,459.05,460.55,461.2,461.1,8832210,407249214305000.0,111561,2870018,0.3249
2021-12-29,SBIN,EQ,461.2,461.0,462.15,451.4,453.2,454.4,457.66,11757303,538086911355000.0,148597,4989343,0.4244
2021-12-30,SBIN,EQ,454.4,452.75,454.9,448.5,453.05,451.7,451.71,28879190,1304509692905000.0,198099,14825094,0.5133
2021-12-31,SBIN,EQ,451.7,454.25,461.4,453.1,460.2,460.45,459.07,10005842,459337192195000.0,128788,3150588,0.3149
2022-01-03,SBIN,EQ,460.45,462.0,472.0,460.1,471.5,470.8,467.17,13124509,613138832175000.0,168001,4183151,0.31870000000000004
2022-01-04,SBIN,EQ,470.8,472.5,484.7,471.05,483.75,483.5,479.89,23296671,1117985262840000.0,246431,7667089,0.32909999999999995
2022-01-05,SBIN,EQ,483.5,481.9,495.0,479.15,491.7,492.4,489.5,24694169,1208791553595000.0,240463,8282621,0.3354
2022-01-06,SBIN,EQ,492.4,487.7,494.4,485.4,491.35,491.7,490.44,18190843,892151410079999.9,195393,5957550,0.3275
2022-01-07,SBIN,EQ,491.7,493.45,501.95,489.45,491.25,491.25,495.38,22746330,1126808585665000.0,254165,6908394,0.3037
2022-01-10,SBIN,EQ,491.25,493.35,504.95,492.5,504.75,503.65,499.62,15832274,791018027985000.0,178755,4821092,0.3045
2022-01-11,SBIN,EQ,503.65,503.0,507.8,499.25,505.75,505.95,504.2,16107950,812169600640000.0,214059,4937902,0.3066
2022-01-12,SBIN,EQ,505.95,509.9,513.5,508.5,509.95,510.25,511.05,14489616,740490304850000.0,178769,6119939,0.42240000000000005
2022-01-13,SBIN,EQ,510.25,510.0,512.85,507.0,511.5,511.35,510.36,10450974,533376255850000.0,160127,3008087,0.2878
2022-01-14,SBIN,EQ,511.35,509.0,510.35,505.15,507.75,508.35,507.82,8724574,443051891680000.0,151240,3423049,0.3923
2022-01-17,SBIN,EQ,508.35,508.0,518.9,507.55,514.2,514.0,515.37,17422211,897888444910000.0,230852,7648078,0.439
2022-01-18,SBIN,EQ,514.0,514.0,517.45,505.0,507.4,506.8,512.7,12592506,645619551955000.0,144399,3657202,0.2904
2022-01-19,SBIN,EQ,506.8,505.0,517.65,500.3,515.05,515.8,508.61,16079457,817824830340000.0,190208,3368811,0.2095
2022-01-20,SBIN,EQ,515.8,516.0,519.15,508.0,511.0,511.4,513.81,17724642,910705284240000.0,193420,6303752,0.3556
2022-01-21,SBIN,EQ,511.4,505.3,507.5,498.0,504.05,502.7,503.16,16947941,852753124725000.0,215520,6856629,0.4046
2022-01-24,SBIN,EQ,502.7,502.4,506.8,488.0,493.7,494.15,497.31,20233933,1006256091435000.0,255220,6303473,0.3307
2022-01-25,SBIN,EQ,494.15,490.0,517.5,489.0,513.35,514.65,507.46,21791739,1105838845270000.1,290929,6493271,0.298
2022-01-27,SBIN,EQ,514.65,503.55,530.85,503.2,529.0,528.95,520.47,35409230,1842950672690000.2,391838,13030691,0.368
2022-01-28,SBIN,EQ,528.95,534.0,536.4,521.4,523.3,523.45,529.78,24715250,1309359219165000.0,310048,8285505,0.33520000000000005
2022-01-31,SBIN,EQ,523.45,529.0,540.9,527.05,537.95,538.3,535.63,28674232,1535886548055000.0,315416,12500126,0.43590000000000007
2022-02-01,SBIN,EQ,538.3,543.95,543.95,520.0,532.6,532.3,533.59,32245356,1720565089020000.0,330437,9701888,0.3009
2022-02-02,SBIN,EQ,532.3,536.65,544.25,531.35,539.65,539.8,536.94,21661864,1163119109450000.0,222610,7685559,0.35479999999999995
2022-02-03,SBIN,EQ,539.8,537.15,544.7,537.15,540.0,540.1,540.99,22717677,1229001655035000.0,323435,10843133,0.4773
2022-02-04,SBIN,EQ,540.1,542.15,546.4,527.3,529.45,530.3,535.9,25332894,1357598847600000.0,325989,7851720,0.3099
2022-02-07,SBIN,EQ,530.3,531.9,549.0,525.25,533.9,533.25,538.29,52289545,2814696084485000.0,564783,14452562,0.27640000000000003
2022-02-08,SBIN,EQ,533.25,535.5,537.65,519.0,530.4,531.35,528.4,26567546,1403834893545000.0,305464,5243345,0.1974
2022-02-09,SBIN,EQ,531.35,534.95,536.5,527.75,536.3,535.25,532.72,14856155,791423290495000.0,191210,5270035,0.3547
2022-02-10,SBIN,EQ,535.25,537.1,543.95,534.4,540.3,540.55,540.35,18659370,1008256700245000.1,228387,6678600,0.3579
2022-02-11,SBIN,EQ,540.55,536.25,537.7,527.1,528.25,529.6,532.27,14607095,777492181425000.0,177760,5300325,0.3629
2022-02-14,SBIN,EQ,529.6,515.0,515.6,499.7,500.25,501.4,508.66,26153332,1330324721875000.0,364555,7939518,0.3036
2022-02-15,SBIN,EQ,501.4,502.0,526.85,497.1,524.0,524.8,510.42,23842951,1217000517025000.0,270915,4270297,0.1791
2022-02-16,SBIN,EQ,524.8,526.5,528.0,514.0,515.0,516.7,519.94,19773807,1028127742045000.1,223564,4403240,0.2227
2022-02-17,SBIN,EQ,516.7,520.0,520.0,511.15,511.6,512.95,515.23,16408356,845405642180000.0,183638,3775450,0.23010000000000003
2022-02-18,SBIN,EQ,512.95,510.1,520.9,510.1,515.0,515.3,515.84,15111223,779499104645000.0,167187,3302927,0.2186
2022-02-21,SBIN,EQ,515.3,511.55,517.5,504.65,511.5,511.85,511.82,16866932,863287713825000.0,186884,2866305,0.1699
2022-02-22,SBIN,EQ,511.85,500.9,505.3,495.5,497.9,498.4,500.1,27108772,1355709674005000.0,285946,10603657,0.3912
2022-02-23,SBIN,EQ,498.4,503.0,505.35,497.25,498.15,498.7,501.32,13899433,696805885815000.0,174252,3804564,0.2737
2022-02-24,SBIN,EQ,498.7,480.0,487.95,468.0,470.85,472.65,479.75,32356037,1552290857530000.0,430597,12979939,0.4012
2022-02-25,SBIN,EQ,472.65,480.0,491.9,479.3,483.75,482.95,485.29,21792287,1057568686904999.9,245306,5880588,0.2698
2022-02-28,SBIN,EQ,482.95,476.9,485.3,473.1,483.7,483.2,479.74,18069367,866863665729999.9,240076,5841695,0.3233
2022-03-02,SBIN,EQ,483.2,478.0,479.8,467.0,475.0,474.25,473.1,22003848,1040991677685000.0,319620,8155846,0.37070000000000003
2022-03-03,SBIN,EQ,474.25,480.0,483.4,464.6,466.65,467.4,470.45,20358590,957774716660000.0,255355,6883546,0.3381
2022-03-04,SBIN,EQ,467.4,460.3,470.9,457.65,462.45,461.95,464.01,20684268,959761619479999.9,271479,5928253,0.2866
2022-03-07,SBIN,EQ,461.95,447.5,453.95,433.45,441.15,440.3,439.85,33720472,1483204322630000.0,474609,15640955,0.46380000000000005
2022-03-08,SBIN,EQ,440.3,438.0,442.1,425.0,440.0,440.3,434.44,42510207,1846821794575000.0,431966,18240018,0.4291
2022-03-09,SBIN,EQ,440.3,442.0,454.3,438.55,452.3,451.7,445.45,32331325,1440208695940000.0,347913,12891220,0.3987
2022-03-10,SBIN,EQ,451.7,469.9,476.65,461.65,467.4,468.7,469.95,34553299,1623819801545000.0,328612,10431536,0.3019
2022-03-11,SBIN,EQ,468.7,466.4,474.8,462.0,470.85,470.35,470.21,22091309,1038762418745000.1,219456,6521011,0.2952
2022-03-14,SBIN,EQ,470.35,471.0,486.0,470.55,485.5,485.15,480.43,27750689,1333221613155000.0,275270,8940086,0.3222
2022-03-15,SBIN,EQ,485.15,489.0,490.5,480.65,485.0,485.85,485.62,27204899,1321121184675000.0,300344,9077046,0.3337
2022-03-16,SBIN,EQ,485.85,493.0,494.3,489.4,491.95,492.75,492.21,16211288,797929662565000.0,172261,6409633,0.3954
2022-03-17,SBIN,EQ,492.75,499.0,503.5,498.3,501.0,501.9,501.29,22947673,1150353327650000.0,221065,11450769,0.499
2022-03-21,SBIN,EQ,501.9,502.0,502.0,489.0,490.25,490.6,493.32,19064060,940473544425000.0,224101,7861269,0.41240000000000004
2022-03-22,SBIN,EQ,490.6,490.6,495.8,477.25,495.1,493.7,486.29,26157969,1272024644795000.0,264129,10188906,0.3895
2022-03-23,SBIN,EQ,493.7,498.5,502.4,489.2,489.95,490.65,495.13,15800195,782320641375000.0,168550,3730665,0.2361
2022-03-24,SBIN,EQ,490.65,485.0,494.8,483.5,486.9,487.1,489.44,18174877,889550738604999.9,191083,6309523,0.3472
2022-03-25,SBIN,EQ,487.1,491.75,493.3,486.6,491.8,490.7,490.04,11541196,565559713655000.0,145141,2318257,0.2009
2022-03-28,SBIN,EQ,490.7,490.95,498.6,481.95,497.75,497.5,491.67,16738684,822988860885000.0,201945,4551326,0.27190000000000003
2022-03-29,SBIN,EQ,497.5,500.0,501.4,491.7,495.5,495.0,496.03,14301429,709397688855000.0,149505,4400398,0.30770000000000003
2022-03-30,SBIN,EQ,495.0,499.3,500.4,492.3,493.0,494.3,496.58,16461225,817433115980000.0,196570,7485867,0.4548
2022-03-31,SBIN,EQ,494.3,494.3,497.55,492.2,493.3,493.55,494.45,10240982,506361002125000.0,124653,3296644,0.32189999999999996
2022-04-01,SBIN,EQ,493.55,491.0,509.75,491.0,508.0,508.2,503.37,18527226,932612694104999.9,197319,6092596,0.32880000000000004
2022-04-04,SBIN,EQ,508.2,509.3,514.9,506.0,512.2,512.4,511.42,16257176,831423202645000.0,198168,3713095,0.2284
2022-04-05,SBIN,EQ,512.4,514.4,516.4,507.7,508.0,509.4,512.46,13602384,697068217405000.0,152569,3550320,0.261
2022-04-06,SBIN,EQ,509.4,507.0,515.2,506.0,512.75,513.95,510.73,13738275,701650764200000.0,156632,3543860,0.258
2022-04-07,SBIN,EQ,513.95,510.05,519.9,510.05,516.55,514.95,515.08,19620958,1010645592215000.0,193008,6494062,0.331
2022-04-08,SBIN,EQ,514.95,519.5,519.5,512.35,516.1,516.1,516.11,13572638,700492624830000.0,142230,3039317,0.22390000000000002
2022-04-11,SBIN,EQ,516.1,513.5,522.0,513.2,515.0,514.9,518.25,12370288,641085987385000.0,181292,3825098,0.30920000000000003
2022-04-12,SBIN,EQ,514.9,512.75,516.7,504.35,512.5,512.85,510.3,14460680,737931852310000.0,179734,3786899,0.2619
2022-04-13,SBIN,EQ,512.85,514.3,520.9,513.75,517.7,517.7,517.08,15440525,798398794940000.0,150224,6556852,0.4247
2022-04-18,SBIN,EQ,517.7,512.0,515.0,504.0,510.1,509.5,509.48,14492183,738350712310000.0,206832,5254385,0.3626
2022-04-19,SBIN,EQ,509.5,513.25,520.95,505.1,506.6,511.8,515.99,20362934,1050707915965000.0,240810,9570530,0.47000000000000003
2022-04-20,SBIN,EQ,511.8,512.0,513.7,507.0,509.2,509.3,510.2,11881305,606183025765000.0,153556,3387079,0.2851
2022-04-21,SBIN,EQ,509.3,513.4,518.0,512.2,516.9,516.3,515.24,10035638,517080746270000.0,108987,3642087,0.3629
2022-04-22,SBIN,EQ,516.3,512.9,513.5,499.0,499.5,500.6,505.07,16760456,846512737095000.0,208796,6463154,0.38560000000000005
2022-04-25,SBIN,EQ,500.6,495.0,499.2,490.05,495.0,494.75,495.06,14057444,695929907405000.0,186190,4213339,0.2997
2022-04-26,SBIN,EQ,494.75,499.0,507.9,498.45,505.5,505.5,504.31,12137213,612089807800000.0,158992,4814676,0.39670000000000005
2022-04-27,SBIN,EQ,505.5,500.0,502.8,491.85,497.85,497.25,496.78,12367342,614382918305000.0,142885,4836551,0.3911
2022-04-28,SBIN,EQ,497.25,499.15,510.0,496.5,507.7,507.5,503.04,12154792,611433193230000.0,134713,4344540,0.35740000000000005
2022-04-29,SBIN,EQ,507.5,508.1,512.5,494.0,495.9,496.3,503.59,12894773,649370352965000.0,143518,4513960,0.35009999999999997
2022-05-02,SBIN,EQ,496.3,492.65,495.0,481.3,490.9,491.0,487.35,18590895,906026303145000.1,232328,8272742,0.445
2022-05-04,SBIN,EQ,491.0,492.0,496.45,477.5,478.5,479.65,487.2,14645323,713524564250000.0,221907,4678363,0.3194
2022-05-05,SBIN,EQ,479.65,485.0,494.0,478.65,480.0,480.0,487.16,14130385,688376040635000.0,185153,4737190,0.33520000000000005
2022-05-06,SBIN,EQ,480.0,471.0,486.1,471.0,485.5,483.95,478.71,16710020,799917110480000.0,216166,5518027,0.33020000000000005
2022-05-09,SBIN,EQ,483.95,477.1,483.7,473.8,476.45,475.9,477.81,13544947,647185507245000.0,170758,5364082,0.396
2022-05-10,SBIN,EQ,475.9,477.0,482.55,473.5,474.0,475.2,477.99,10884328,520261203470000.0,183663,3973819,0.3651
2022-05-11,SBIN,EQ,475.2,475.25,479.0,463.65,478.4,476.55,471.45,14771351,696393821100000.0,241751,4964332,0.3361
2022-05-12,SBIN,EQ,476.55,473.0,473.0,456.35,462.7,462.65,462.77,18947096,876807574750000.0,314035,6321015,0.3336
2022-05-13,SBIN,EQ,462.65,469.45,477.0,439.75,440.5,444.65,461.88,61403008,2836052804760000.0,595336,21063112,0.34299999999999997
2022-05-16,SBIN,EQ,444.65,445.0,461.5,438.85,456.0,455.0,454.93,27940958,1271105407720000.0,283950,8746208,0.313
2022-05-17,SBIN,EQ,455.0,458.3,469.65,456.15,467.45,467.3,462.65,16880698,780980112170000.0,206674,6120436,0.3626
2022-05-18,SBIN,EQ,467.3,467.9,468.6,457.1,458.25,458.0,463.11,15644497,724512111830000.0,205591,6429531,0.41100000000000003
2022-05-19,SBIN,EQ,458.0,449.05,450.0,444.45,449.0,447.5,447.36,14201420,635318366730000.0,223399,5706783,0.4018
2022-05-20,SBIN,EQ,447.5,454.85,464.0,454.15,462.5,462.4,460.64,13596860,626323973525000.0,151413,5179315,0.3809
2022-05-23,SBIN,EQ,462.4,463.1,471.4,459.5,461.0,460.9,465.61,13499415,628549353075000.0,170499,5048653,0.374
2022-05-24,SBIN,EQ,460.9,462.4,466.8,460.2,463.0,462.05,463.29,17175179,795705857460000.0,139005,8555677,0.49810000000000004
2022-05-25,SBIN,EQ,462.05,461.0,464.45,452.05,453.45,454.1,458.77,12728644,583949948045000.0,154093,4570376,0.3591
2022-05-26,SBIN,EQ,454.1,456.85,470.1,452.5,469.6,468.9,460.09,17055257,784691165575000.0,208123,6310397,0.37
2022-05-27,SBIN,EQ,468.9,471.4,475.0,467.5,468.0,468.95,470.69,10977001,516678286750000.0,160651,2866709,0.2612
2022-05-30,SBIN,EQ,468.95,473.0,476.9,471.1,474.8,474.6,474.04,9365470,443962658714999.94,151679,3413721,0.36450000000000005
2022-05-31,SBIN,EQ,474.6,474.0,476.4,465.0,467.6,468.1,471.12,15441579,727476152775000.0,149463,8086708,0.5236999999999999
2022-06-01,SBIN,EQ,468.1,468.0,472.0,464.7,469.25,468.3,468.69,9424008,441695545055000.0,119346,3343041,0.3547
2022-06-02,SBIN,EQ,468.3,466.9,472.35,466.15,470.0,469.85,469.68,9370989,440138367510000.06,114087,2829770,0.302
2022-06-03,SBIN,EQ,469.85,473.25,475.5,463.5,465.0,464.5,470.15,11306291,531564621895000.0,114757,4956294,0.43840000000000007
2022-06-06,SBIN,EQ,464.5,464.2,465.6,456.5,463.6,463.7,461.88,10661432,492433400785000.06,137662,3701362,0.3472
2022-06-07,SBIN,EQ,463.7,461.85,465.95,460.5,463.95,463.4,462.95,7672515,355199086445000.0,108268,2930211,0.38189999999999996
2022-06-08,SBIN,EQ,463.4,466.6,475.55,463.2,471.0,471.3,470.58,17168871,807926481660000.0,192002,6597993,0.38430000000000003
2022-06-09,SBIN,EQ,471.3,468.95,470.9,462.45,467.2,466.95,465.94,12635601,588743931660000.0,158259,5413414,0.42840000000000006
2022-06-10,SBIN,EQ,466.95,462.0,464.15,458.6,462.1,461.85,461.6,8621104,397947930850000.0,127828,3062201,0.3552
2022-06-13,SBIN,EQ,461.85,454.0,454.05,442.1,446.1,445.85,446.07,13426836,598928459840000.0,203861,5856727,0.4362
2022-06-14,SBIN,EQ,445.85,445.0,449.25,443.35,448.0,448.1,446.47,11351101,506790273885000.06,136687,4257354,0.3751
2022-06-15,SBIN,EQ,448.1,448.95,455.45,448.6,450.25,451.35,452.6,9920926,449023193455000.0,119413,3821460,0.38520000000000004
2022-06-16,SBIN,EQ,451.35,455.15,457.75,440.15,441.15,441.6,448.44,10780703,483444559535000.06,139788,3802794,0.3527
2022-06-17,SBIN,EQ,441.6,440.0,447.55,437.25,442.5,441.0,443.05,14326050,634713719965000.0,167655,6062938,0.4232
2022-06-20,SBIN,EQ,441.0,441.5,443.45,430.7,434.65,434.7,436.85,12368534,540315318635000.06,172757,4715450,0.3812
2022-06-21,SBIN,EQ,434.7,439.5,454.95,437.6,451.0,450.75,447.76,13801891,617993679115000.0,178846,4775043,0.34600000000000003
2022-06-22,SBIN,EQ,450.75,448.75,451.2,444.65,447.05,447.65,447.71,11066447,495458591980000.0,111722,4316772,0.3901
2022-06-23,SBIN,EQ,447.65,449.0,456.45,446.0,451.25,451.4,451.63,12229833,552339167125000.0,157832,3511397,0.35729999999999995
2022-06-24,SBIN,EQ,451.4,455.8,460.35,453.2,454.55,454.25,455.97,10833364,493964360855000.0,127154,4266938,0.39390000000000003
2022-06-27,SBIN,EQ,454.25,459.95,464.85,458.05,461.55,461.2,461.18,9509175,438542105400000.0,103487,3248514,0.34159999999999996
2022-06-28,SBIN,EQ,461.2,458.9,465.75,458.0,464.75,464.25,462.78,13261290,613703101235000.0,168906,6701665,0.5054
2022-06-29,SBIN,EQ,464.25,460.0,462.7,458.0,458.95,459.1,460.55,11800876,543491424185000.06,107588,5699030,0.4829
2022-06-30,SBIN,EQ,459.1,459.0,469.3,458.6,465.6,465.9,465.57,16926328,788043998575000.0,186175,7966400,0.4707
2022-07-01,SBIN,EQ,465.9,463.35,468.8,460.55,468.5,466.85,465.07,9405495,437419528905000.0,116790,3705513,0.394
2022-07-04,SBIN,EQ,466.85,466.85,474.15,466.85,473.95,473.45,470.57,9186358,432279377410000.06,115285,3597397,0.39159999999999995
2022-07-05,SBIN,EQ,473.45,475.15,480.0,471.0,472.55,472.15,475.99,12003244,571338476795000.0,143727,5860719,0.4883
2022-07-06,SBIN,EQ,472.15,475.15,481.0,473.9,480.55,479.95,478.18,12059857,576683253575000.0,179395,6050389,0.5017
2022-07-07,SBIN,EQ,479.95,484.0,488.25,481.6,486.9,486.75,485.27,11497832,557959368780000.0,173806,4532216,0.39420000000000005
2022-07-08,SBIN,EQ,486.75,489.0,489.9,485.15,488.45,488.55,487.44,9057231,441485647239999.94,162363,4119292,0.4548
2022-07-11,SBIN,EQ,488.55,485.0,491.3,485.0,488.05,488.2,488.75,7704792,376571604615000.0,94857,2892361,0.3754
2022-07-12,SBIN,EQ,488.2,485.0,491.35,483.1,483.4,484.95,488.66,7364457,359870414885000.0,108367,2291145,0.3111
2022-07-13,SBIN,EQ,484.95,487.75,492.45,484.55,486.2,486.5,488.27,8208853,400810603585000.0,129820,3515328,0.4282
2022-07-14,SBIN,EQ,486.5,486.6,488.9,476.8,480.3,479.35,482.03,9385630,452412059885000.06,151617,4003660,0.4266
2022-07-15,SBIN,EQ,479.35,482.55,484.4,474.7,478.7,479.1,478.3,6945602,332205477200000.0,120161,2526701,0.3638
2022-07-18,SBIN,EQ,479.1,484.55,491.5,482.1,489.6,490.3,487.33,9934786,484150111939999.94,178323,4916706,0.4949
2022-07-19,SBIN,EQ,490.3,488.0,498.55,488.0,497.9,497.95,494.57,11724183,579845175905000.0,130777,4129670,0.3522
2022-07-20,SBIN,EQ,497.95,501.0,510.6,500.4,507.4,508.6,507.48,19280117,978421729885000.0,254529,9705808,0.5034000000000001
2022-07-21,SBIN,EQ,508.6,509.8,513.4,506.75,511.1,512.05,511.48,13814893,706602881270000.0,196106,6776664,0.4905
2022-07-22,SBIN,EQ,512.05,513.45,520.2,511.2,511.9,513.7,516.23,14699129,758818657015000.0,244781,7370555,0.5014000000000001
2022-07-25,SBIN,EQ,513.7,513.4,519.0,509.15,516.25,517.8,514.4,10229778,526224265825000.0,153553,3764768,0.368
2022-07-26,SBIN,EQ,517.8,517.7,520.8,513.1,513.7,514.2,516.44,8862656,457700071514999.94,168343,3588725,0.40490000000000004
2022-07-27,SBIN,EQ,514.2,515.3,529.95,512.25,528.35,528.2,522.16,15101546,788545013435000.0,333000,6647299,0.44020000000000004
2022-07-28,SBIN,EQ,528.2,533.2,537.5,529.55,532.15,532.45,532.51,12160734,647565421520000.0,215225,5268494,0.43320000000000003
2022-07-29,SBIN,EQ,532.45,535.05,537.0,526.75,527.65,528.35,529.82,11921058,631599816540000.0,144306,5302505,0.4448
2022-08-01,SBIN,EQ,528.35,529.05,535.0,526.4,533.35,533.75,532.31,8295631,441581699475000.0,124805,3402591,0.41020000000000006
2022-08-02,SBIN,EQ,533.75,531.9,544.9,531.1,540.0,542.1,541.38,16845027,911955623675000.0,230932,6340949,0.3764
2022-08-03,SBIN,EQ,542.1,541.9,546.4,534.65,540.5,540.85,542.04,24262125,1315108259540000.0,253745,12530803,0.5165
2022-08-04,SBIN,EQ,540.85,543.65,544.0,524.2,532.3,533.25,532.95,18072293,963159466225000.0,201817,7049054,0.39
2022-08-05,SBIN,EQ,533.25,535.55,542.9,529.0,532.35,531.05,537.29,21110734,1134267587375000.0,205564,8610671,0.4079
2022-08-08,SBIN,EQ,531.05,524.0,524.0,513.85,520.1,520.4,518.01,32566317,1686971245135000.0,416603,13376188,0.4107
2022-08-10,SBIN,EQ,520.4,521.55,523.5,513.4,513.9,514.7,516.46,16904151,873037935315000.0,247601,9702561,0.574
2022-08-11,SBIN,EQ,514.7,520.0,526.0,517.2,524.5,524.75,521.76,13862195,723269355790000.0,192485,6522359,0.4705
2022-08-12,SBIN,EQ,524.75,525.7,531.8,525.15,531.0,530.7,529.76,12154012,643875091060000.0,160036,5679718,0.4673
2022-08-16,SBIN,EQ,530.7,533.3,533.85,525.0,526.6,525.95,527.74,10721167,565797979375000.0,145707,5025077,0.4687
2022-08-17,SBIN,EQ,525.95,528.85,530.55,524.35,527.8,528.15,526.89,12054183,635124608075000.0,159055,5203847,0.43170000000000003
2022-08-18,SBIN,EQ,528.15,526.85,534.8,526.2,532.0,532.35,531.57,9013662,479138582520000.0,120443,2772894,0.30760000000000004
2022-08-19,SBIN,EQ,532.35,532.0,533.65,518.5,520.05,520.35,523.18,11087222,580062252565000.0,146387,4095463,0.3694
2022-08-22,SBIN,EQ,520.35,519.0,519.9,510.0,511.1,511.3,513.09,9676954,496515220780000.0,165588,4280662,0.4424
2022-08-23,SBIN,EQ,511.3,508.25,524.0,508.25,523.0,521.9,517.45,8597965,444899552289999.94,130274,2200718,0.256
2022-08-24,SBIN,EQ,521.9,519.0,523.0,512.3,520.4,519.3,517.9,11930650,617885076140000.0,143063,5135639,0.4305
2022-08-25,SBIN,EQ,519.3,521.95,528.3,518.5,520.15,520.4,523.9,15473450,810654016280000.0,167210,6815830,0.4405
2022-08-26,SBIN,EQ,520.4,523.8,529.5,522.2,524.3,523.8,525.17,12855886,675151407725000.0,128630,5307516,0.4128
2022-08-29,SBIN,EQ,523.8,511.3,517.0,508.75,515.0,514.85,513.62,9421339,483895704945000.0,143380,4080606,0.43310000000000004
2022-08-30,SBIN,EQ,514.85,518.2,532.5,517.95,531.0,531.25,528.36,14835308,783835316655000.0,166014,6947862,0.4683
2022-09-01,SBIN,EQ,531.25,522.25,540.9,522.25,534.25,533.3,535.06,16670228,891965011940000.0,218023,5384878,0.32299999999999995
2022-09-02,SBIN,EQ,533.3,537.0,537.85,531.25,535.0,536.7,535.36,10017930,536316475520000.0,124824,3990475,0.3983
2022-09-05,SBIN,EQ,536.7,537.0,540.8,536.3,538.75,538.9,539.17,7819994,421633009955000.0,106157,3346038,0.4279
2022-09-06,SBIN,EQ,538.9,538.0,542.7,534.1,537.3,537.8,539.43,8657868,467034667700000.0,108579,2539671,0.2933
2022-09-07,SBIN,EQ,537.8,534.4,537.45,531.55,532.1,532.85,534.25,8445359,451189564589999.94,106610,4354695,0.5156000000000001
2022-09-08,SBIN,EQ,532.85,536.0,546.3,535.5,545.25,544.65,541.55,12240707,662891237075000.0,141256,4816335,0.3935
2022-09-09,SBIN,EQ,544.65,549.65,557.0,548.0,551.95,553.35,553.57,18587927,1028969279020000.1,267586,7957943,0.42810000000000004
2022-09-12,SBIN,EQ,553.35,554.9,558.6,551.25,554.95,554.9,555.63,9677415,537708007460000.06,127479,4384107,0.45299999999999996
2022-09-13,SBIN,EQ,554.9,560.0,560.0,553.75,557.1,558.0,557.73,16707275,931808563425000.0,148044,11220044,0.6716
2022-09-14,SBIN,EQ,558.0,550.0,574.85,549.25,572.3,571.75,567.79,21632641,1228285215230000.0,301335,8300762,0.3837
2022-09-15,SBIN,EQ,571.75,572.55,578.5,567.9,571.5,572.15,573.5,12749947,731206076880000.0,224387,3656992,0.2868
2022-09-16,SBIN,EQ,572.15,569.1,574.0,560.3,562.5,561.8,564.61,14739280,832198274165000.0,231709,7373673,0.5003
2022-09-19,SBIN,EQ,561.8,560.7,574.4,559.55,572.5,572.25,569.54,11194003,637539805440000.0,163866,4756130,0.42490000000000006
2022-09-20,SBIN,EQ,572.25,577.95,577.95,572.85,573.6,574.05,575.5,8484017,488253637435000.06,176912,3767069,0.444
2022-09-21,SBIN,EQ,574.05,575.0,577.3,565.4,569.0,569.7,570.45,9392526,535799866195000.0,174676,3467830,0.36920000000000003
2022-09-22,SBIN,EQ,569.7,566.75,574.0,562.0,567.5,567.3,567.39,11869435,673459442730000.0,181550,5206546,0.4387
2022-09-23,SBIN,EQ,567.3,564.8,568.0,549.5,550.9,550.6,555.53,12563239,697921590820000.0,282839,5642445,0.4491
2022-09-26,SBIN,EQ,550.6,545.8,549.0,533.0,545.3,543.3,541.37,16158750,874794172325000.0,274214,7654966,0.4737
2022-09-27,SBIN,EQ,543.3,544.55,550.9,533.2,538.0,536.5,542.4,11066799,600262627030000.0,154979,3097415,0.3404
2022-09-28,SBIN,EQ,536.5,532.9,539.8,520.35,523.5,524.85,532.17,12233485,651028480040000.0,183919,5224334,0.42710000000000004
2022-09-29,SBIN,EQ,524.85,529.0,535.7,519.55,524.0,521.75,525.18,17310168,909098664560000.0,215284,8111849,0.4686
2022-09-30,SBIN,EQ,521.75,524.0,536.9,516.15,531.55,530.6,528.17,17466950,922547767720000.1,199404,5533983,0.3168
2022-10-03,SBIN,EQ,530.6,527.6,531.65,518.5,518.95,519.75,525.01,9351162,490945623905000.0,141130,3430661,0.3669
2022-10-04,SBIN,EQ,519.75,533.0,535.8,527.8,532.95,532.7,532.39,8745887,465624452545000.0,128142,3456189,0.39520000000000005
2022-10-06,SBIN,EQ,532.7,534.6,541.8,534.6,537.35,537.3,538.44,9507322,511910213760000.06,183101,4430981,0.4661
2022-10-07,SBIN,EQ,537.3,535.5,535.6,526.55,531.0,530.2,529.64,11065307,586062415950000.0,185698,5018194,0.4535
2022-10-10,SBIN,EQ,530.2,525.7,533.9,522.2,531.4,530.75,528.13,9649292,509605255889999.94,191653,3588945,0.3719
2022-10-11,SBIN,EQ,530.75,530.75,533.7,525.5,527.0,527.4,529.35,10825440,573046347265000.0,159970,4518524,0.41740000000000005
2022-10-12,SBIN,EQ,527.4,530.0,535.0,526.0,535.0,533.8,530.03,8522604,451723601000000.0,121592,3016240,0.3539
2022-10-13,SBIN,EQ,533.8,533.0,533.8,520.2,521.9,521.45,525.44,12972765,681643820185000.0,166849,6496472,0.5008
2022-10-14,SBIN,EQ,521.45,530.2,534.85,526.0,527.8,527.2,530.03,8545479,452937508350000.0,144578,2924078,0.3422
2022-10-17,SBIN,EQ,527.2,526.4,544.7,524.2,543.2,543.65,538.7,13485349,726451586255000.0,208408,3700920,0.27440000000000003
2022-10-18,SBIN,EQ,543.65,547.1,563.5,546.75,562.4,562.45,558.19,20440781,1140979139410000.0,245391,9747060,0.4768
2022-10-19,SBIN,EQ,562.45,563.0,563.45,551.55,553.75,553.4,555.4,9540583,529884538870000.0,137573,3398721,0.35619999999999996
2022-10-20,SBIN,EQ,553.4,552.0,556.8,545.3,555.5,555.4,551.98,11225588,619632857395000.0,134915,4079003,0.36340000000000006
2022-10-21,SBIN,EQ,555.4,557.25,565.8,557.25,561.65,560.85,562.7,11767639,662164812080000.0,198859,4151059,0.39640000000000003
2022-10-24,SBIN,EQ,560.85,567.0,572.5,565.9,572.15,570.5,569.46,3692065,210246499635000.0,63147,1510943,0.4092
2022-10-25,SBIN,EQ,570.5,572.5,586.2,568.0,577.0,578.55,578.28,19899324,1150742741285000.0,215376,8833736,0.4439
2022-10-27,SBIN,EQ,578.55,583.95,585.0,577.6,579.1,579.65,580.71,13613533,790552531335000.0,209377,5998675,0.44060000000000005
2022-10-28,SBIN,EQ,579.65,579.95,582.65,567.0,571.8,570.75,572.65,10043644,575151556995000.0,144061,3054910,0.4319
2022-10-31,SBIN,EQ,570.75,574.95,577.45,568.4,573.5,573.8,572.79,9894639,566756038780000.0,139535,3759140,0.3799
2022-11-01,SBIN,EQ,573.8,576.35,585.75,574.6,576.0,576.9,579.85,12069579,699855429530000.0,163499,5057539,0.419
2022-11-02,SBIN,EQ,576.9,575.9,578.95,569.9,573.0,573.85,574.79,10241440,588669499895000.0,142730,3773099,0.36840000000000006
2022-11-03,SBIN,EQ,573.85,569.0,587.95,568.0,584.15,584.9,581.58,17557998,1021138860379999.9,244825,5121059,0.2917
2022-11-04,SBIN,EQ,584.9,586.0,596.95,580.4,595.7,593.95,587.64,25759031,1513705392420000.0,302456,10018968,0.3889
2022-11-07,SBIN,EQ,593.95,613.0,622.7,607.7,613.8,614.15,615.56,44265903,2724844928960000.0,470162,16413804,0.37079999999999996
2022-11-09,SBIN,EQ,614.15,621.0,621.0,610.55,614.6,615.55,615.08,18939854,1164952300990000.0,302328,9373877,0.4949
2022-11-10,SBIN,EQ,615.55,613.1,615.1,602.2,605.05,605.75,607.23,11618405,705503083570000.0,232699,4437252,0.38189999999999996
